id;title;message;icon_url;reward_amount
1;Tuna;Exclusive Research;Principal Licensed Peso;16377
2;interfaces PCI overriding;Cotton Chips;firewall transmit;35422
3;multi-byte Multi-channelled copying;Handmade multi-byte Hawaii;Bedfordshire;10586
4;Steel concept Steel;withdrawal;harness mindshare Visionary;39198
5;Vanuatu Parkway;Parks Drives array;Soap hack optical;11858
6;programming;Iowa SCSI data-warehouse;Cambridgeshire;72859
7;Assistant;ADP Brand;leverage hack;45614
8;navigating;architectures grey;THX California teal;1995
9;Configuration;next alarm;blue microchip;7482
10;Technician;Lari Hat Incredible;Central copying;88887
