id;content;image_url;image_url_content_type;published_by;no_of_likes;no_of_shares
1;Singapore Mexico;../fake-data/blob/hipster.png;image/png;Tasty action-items;13625;5825
2;Granite copy;../fake-data/blob/hipster.png;image/png;Tools;61138;53404
3;overriding Guadeloupe;../fake-data/blob/hipster.png;image/png;New Isle;80084;96055
4;Dinar Fully-configurable;../fake-data/blob/hipster.png;image/png;Suriname system compress;4802;29462
5;payment Identity;../fake-data/blob/hipster.png;image/png;PCI Home;18335;3931
6;connect microchip Investor;../fake-data/blob/hipster.png;image/png;Sleek Netherlands;5985;25395
7;Pataca;../fake-data/blob/hipster.png;image/png;innovative Avon transform;29223;99651
8;withdrawal Paradigm;../fake-data/blob/hipster.png;image/png;calculate Home;74198;71143
9;Manager;../fake-data/blob/hipster.png;image/png;redefine PCI;67903;66117
10;Fish redundant;../fake-data/blob/hipster.png;image/png;SQL generate Rhode;84024;50610
