id;sender_address;receiver_address;amount
1;Kentucky;Gorgeous;47193
2;Facilitator;Response needs-based Operations;38091
3;grow;invoice;39660
4;internet;Strategist embrace didactic;11223
5;Executive Operations;connecting Executive;3847
6;compressing e-tailers;withdrawal incentivize high-level;2755
7;synthesizing cross-platform 4th;primary;51541
8;Pizza Facilitator;Mariana Ergonomic;39083
9;clear-thinking Fish Island;connecting BEAC plum;72319
10;full-range Dynamic generation;Account Cambridgeshire;86056
